-- 외래키 제약 조건을 다시 활성화
SET FOREIGN_KEY_CHECKS = 1;

-- 새로운 데이터 삽입
INSERT INTO `USERS` (`id`, `password`, `email`, `name`, `nickname`, `age`, `phone_number`,
                     `address`)
VALUES ('prao', 'pass', 'prao@gmail.com', '박창호', 'prao96', 27, '010-1234-5678',
        '부산광역시 부산진구 전포대로155'),
       ('admin', 'pass', 'admin@gmail.com', '관리자', '관리자', 25, '010-2345-6789', '대전광역시 유성구 봉명동'),
       ('hyun', 'pass', 'hyun@gmail.com', '이수현', 'hyunny', 26, '010-5678-1234', '대구광역시 유성구 봉명동'),
       ('ran', 'pass', 'ran@gmail.com', '랜덤', 'ran', 26, '010-5678-1234', '대구광역시 유성구 봉명동'),
       ('gujauk', 'pass', 'gujauk@gmail.com', '구자웈', 'gujauk', 26, '010-5678-1234',
        '대구광역시 유성구 봉명동'),
       ('byeba', 'pass', 'byeba@gmail.com', 'byeba', 'byeba', 26, '010-5678-1234', '대구광역시 유성구 봉명동'),
       ('non', 'pass', 'non@gmail.com', 'non', 'non', 26, '010-5678-1234', '대구광역시 유성구 봉명동'),
       ('pubao', 'pass', 'pubao@gmail.com', '탁바오', 'taggi', 26, '010-5678-1234', '대구광역시 유성구 봉명동');

-- TEAM 테이블 더미 데이터 생성
INSERT INTO `TEAM` (`name`)
VALUES ('롯데 자이언츠'),
       ('삼성 라이온즈'),
       ('기아 타이거즈'),
       ('두산 베어스'),
       ('한화 이글스');

-- PLAYERS 테이블 더미 데이터 생성
INSERT INTO `PLAYERS` (`team_id`, `name`, `age`, `back_number`, `position`)
VALUES (1, '황성빈', 26, 0, 'LF'),
       (1, '윤동희', 20, 91, 'CF'),
       (1, '고승민', 23, 65, '2B'),
       (1, '레이예스', 29, 29, 'RF'),
       (1, '한동희', 24, 25, 'DH'),
       (1, '나승엽', 22, 51, '1B'),
       (1, '박승욱', 31, 53, '3B'),
       (1, '유강남', 31, 27, 'C'),
       (1, '이학주', 33, 7, 'SS'),
       (1, '윌커슨', 34, 46, 'SP'),
       (1, '정보근', 24, 42, 'C'),
       (1, '손성빈', 22, 00, 'C'),
       (1, '정훈', 36, 9, '1B'),
       (1, '최항', 30, 14, '1B'),
       (1, '손호영', 29, 33, '2B'),
       (1, '노진혁', 52, 34, 'SS'),
       (1, '이주찬', 25, 63, '2B'),
       (1, '김민석', 20, 2, 'CF'),
       (1, '전준우', 38, 8, 'LF'),
       (1, '이정훈', 29, 48, '48'),

       (2, '구자욱', 26, 5, 'LF'),
       (2, '김헌곤', 20, 32, 'RF'),
       (2, '맥키넌', 23, 24, '1B'),
       (2, '김영웅', 29, 30, 'DH'),
       (2, '류지혁', 24, 16, '2B'),
       (2, '이재현', 22, 7, 'SS'),
       (2, '강민호', 31, 47, 'C'),
       (2, '전병우', 31, 34, '3B'),
       (2, '김지찬', 33, 58, 'CF'),
       (2, '레예스', 34, 43, 'SP'),
       (2, '원태인', 26, 18, 'SP'),
       (2, '이성규', 27, 31, 'SP'),
       (2, '강백호', 25, 50, 'IB'),
       (2, '최민호', 22, 18, '1B'),
       (2, '최원준', 33, 53, 'SP'),
       (2, '김재환', 21, 4, '3B'),
       (2, '이호성', 21, 55, 'SP'),
       (2, '코너', 34, 52, 'SP'),
       (2, '이재원', 33, 8, 'RF'),
       (2, '최원준', 32, 53, 'SP'),

       (3, '김태군', 1, 44, 'C'),
       (3, '한준수', 1, 55, 'C'),
       (3, '박찬호', 1, 1, 'SS'),
       (3, '최원준', 1, 16, 'CF'),
       (3, '서건창', 1, 58, '2B'),
       (3, '김도영', 1, 5, '3B'),
       (3, '최형우', 1, 34, 'DH'),
       (3, '고종욱', 1, 57, 'LF'),
       (3, '소크라테스', 1, 30, 'LF'),
       (3, '김선빈', 1, 3, '2B'),
       (3, '이우성', 1, 25, '1B'),
       (3, '나성범', 1, 47, 'CF'),
       (3, '김석환', 1, 35, 'LF'),
       (3, '이창진', 1, 8, 'RF'),
       (3, '최수빈', 1, 13, '3B'),
       (3, '김도월', 1, 2, '2B'),
       (3, '김규성', 1, 14, 'SS'),
       (3, '고명성', 1, 2, '3B'),
       (3, '변우혁', 1, 29, '2B'),
       (3, '박민', 1, 37, '1B'),

       (4, '정수빈', 1, 31, 'CF'),
       (4, '라모스', 1, 4, 'RF'),
       (4, '양의지', 1, 25, 'C'),
       (4, '김재환', 1, 32, 'LF'),
       (4, '양석환', 1, 53, '1B'),
       (4, '강승호', 1, 23, '2B'),
       (4, '허경민', 1, 13, '3B'),
       (4, '박준영', 1, 9, '3B'),
       (4, '조수행', 1, 51, 'CF'),
       (4, '알칸타라', 1, 43, 'SP'),
       (4, '박지훈', 1, 2, '1B'),
       (4, '이유찬', 1, 7, '2B'),
       (4, '박준영', 1, 9, '3B'),
       (4, '김민혁', 1, 10, '1B'),
       (4, '권민석', 1, 34, '2B'),
       (4, '김태근', 1, 8, 'RF'),
       (4, '김인태', 1, 33, 'LF'),
       (4, '양찬열', 1, 57, 'LF'),
       (4, '김대한', 1, 37, 'CF'),
       (4, '홍성호', 1, 44, 'RF'),

       (5, '김태연', 1, 25, 'DH'),
       (5, '페라자', 1, 30, 'LF'),
       (5, '노시환', 1, 8, '3B'),
       (5, '안치홍', 1, 3, '1B'),
       (5, '채은성', 1, 22, 'RF'),
       (5, '문현빈', 1, 64, '2B'),
       (5, '장진혁', 1, 51, 'CF'),
       (5, '이도윤', 1, 7, 'SS'),
       (5, '류현진', 1, 99, 'P'),
       (5, '김강민', 1, 9, 'CF'),
       (5, '황영묵', 1, 95, '2B'),
       (5, '이진영', 1, 45, 'RF'),
       (5, '최인호', 1, 41, 'LF'),
       (5, '하주석', 1, 16, '1B'),
       (5, '정은원', 1, 43, '2B'),
       (5, '송호정', 1, 102, '3B'),
       (5, '이명기', 1, 14, 'RF'),
       (5, '권광민', 1, 17, 'CF'),
       (5, '이원석', 1, 50, 'LF'),
       (5, '유민', 1, 106, 'CF');


-- COMMUNITY_BOARD 테이블 더미 데이터 생성
INSERT INTO `COMMUNITY_BOARD` (`team_id`, `user_id`, `title`, `content`)
VALUES (1, 'admin', '그들은 올라갈 힘을 비축하고 있다', '롯데는 이번 시즌 5등으로 마무리할 것이다. 한화는 까불지 마라.'),
       (2, 'admin', '어짜피 내려올 거 얼른 내려와', '거기 어울리는 자리 아닌 거 알잖아. 사람이 몸에 맞는 옷을 입어야해. 너넨 8등이 어울려.'),
       (1, 'hyun', '이번엔 우승할 수 있을까?', '올해 삼성은 강력한 전력을 자랑하지만, 과연 우승까지 갈 수 있을지 궁금하네요.'),
       (1, 'admin', '언제 터지나', '올해 타선이 너무 부진한 것 같아요. 언제쯤 터질까요?'),
       (1, 'hyun', '불펜이 너무 불안해', '불펜이 자꾸 경기 끝내주질 못하네요. 불안합니다.'),
       (1, 'ran', '이번 시즌 힘들어 보인다', '솔직히 이번 시즌 우승은 무리 아닐까요? 다른 팀들 너무 강해요.'),
       (1, 'gujauk', '젊은 선수들에 기대한다', '젊은 선수들이 좀 더 분발해줘야 할 때인 것 같습니다.'),
       (1, 'byeba', '감독의 전략은?', '감독님 이번 시즌 전략이 뭔가요? 너무 답답한 경기 운영인 듯.'),
       (1, 'non', '삼성팬으로서 너무 답답하네요', '매번 기대하게 만들고 실망시키고... 힘듭니다.'),
       (1, 'pubao', '과연 플레이오프 갈 수 있을까?', '지금 경기력으로는 플레이오프 진출도 불투명해 보입니다.'),
       (1, 'prao', '언제쯤 반등할까?', '지금 이 분위기 계속 가면 답이 없을 것 같은데요.'),
       (1, 'hyun', '수비 문제 어떻게 해결할까', '수비에서 자꾸 실수가 나오는데, 해결책이 뭔가요?'),
       (1, 'non', '올 시즌 MVP는 누구?', '올해 삼성에서 가장 잘하는 선수는 누구라고 생각하세요?'),
       (1, 'pubao', '또 졌네요', '오늘 경기 또 졌네요. 정말 실망스럽습니다.'),
       (1, 'hyun', '다음 시즌을 기약해야 할 듯', '올해는 포기하고 다음 시즌을 준비해야 할 것 같습니다.'),
       (1, 'byeba', '감독 교체가 답인가요?', '이러다 감독 교체해야 하는 건 아닐지 걱정입니다.'),
       (1, 'ran', '타격 코치 좀 바꿔주세요', '타격이 너무 안 되네요. 코치진 교체가 필요해 보입니다.'),
       (1, 'ran', '올해 신인 선수 어때요?', '올해 신인 선수들은 어떤가요? 기대할 만한가요?'),
       (1, 'hyun', '해외 원정 경기 성적은?', '이번 해외 원정 경기 성적이 궁금합니다. 잘하고 있나요?'),
       (1, 'ran', '홈런이 너무 부족해', '홈런이 너무 안 나오네요. 해결책이 뭔가요?'),
       (1, 'hyun', '선발 투수들 믿어도 될까요?', '선발 투수들이 너무 불안정한 것 같아요. 믿을 수 있을까요?'),
       (1, 'byeba', '이번 시즌 성적 예상', '여러분 이번 시즌 성적 어떻게 예상하시나요?'),
       (1, 'hyun', '주전 선수들 부상 문제', '주전 선수들이 자꾸 부상을 당하는데, 대체선수도 없고... 걱정이네요.'),
       (1, 'pubao', '팬으로서 너무 힘듭니다', '매 시즌 실망만 안겨주는 것 같아 정말 힘드네요.'),
       (1, 'byeba', '이번 시즌 기대해도 될까요?', '올해는 정말 기대해도 되는 걸까요?'),
       (1, 'hyun', '타선에 활력 좀', '타선에 활력이 너무 없네요. 선수들 좀 더 힘내주세요!'),
       (1, 'hyun', '수비 실책 좀 줄이자', '수비 실책이 너무 많아요. 기본부터 다시 다져야 할 것 같아요.'),
       (1, 'hyun', '팬 서비스 좀 신경 써주세요', '팬 서비스가 너무 부족합니다. 신경 좀 써주세요.'),
       (1, 'hyun', '올해 우승 가능할까요?', '솔직히 올해 우승 가능할까요? 다른 팀들 너무 강해요.'),
       (1, 'hyun', '응원합니다!', '그래도 끝까지 포기하지 않고 응원합니다. 화이팅!'),
       (1, 'hyun', '이번 시즌 목표는?', '이번 시즌 목표가 무엇인가요? 현실적인 목표 설정이 필요할 듯.'),
       (1, 'gujauk', '선수 교체가 필요해', '몇몇 선수는 정말 교체가 필요해 보입니다.'),
       (1, 'hyun', '전력 보강이 시급합니다', '전력 보강이 정말 시급합니다. 이대로는 어렵겠어요.'),
       (1, 'hyun', '끝까지 포기하지 말자', '어려워도 끝까지 포기하지 말고 힘내줬으면 좋겠어요.'),
       (1, 'hyun', '감독님의 전략이 궁금해요', '감독님의 전략이 정말 궁금합니다. 잘 이해가 안 가네요.'),
       (1, 'hyun', '이번 시즌 타선 어떨까요?', '올해 타선이 좀 불안한데, 어떻게 보시나요?'),
       (1, 'pubao', '9회말에 강해지자', '9회말에 자꾸 무너지는 것 같아요. 끝까지 집중해야 합니다.'),
       (1, 'pubao', '감독의 용병술이 아쉬워', '감독의 용병술이 조금 아쉽네요. 좀 더 과감한 결정이 필요할 듯.'),
       (1, 'hyun', '올해 우승 한 번 가보자!', '올해 정말 우승 한 번 가보자! 힘내자!'),
       (1, 'hyun', '이번 시즌 MVP는 누구?', '올해 삼성에서 가장 잘하는 선수는 누구라고 생각하세요?'),
       (1, 'hyun', '중위권 안착 가능할까?', '이번 시즌 중위권이라도 안착할 수 있을까요?'),
       (1, 'hyun', '부상자 관리 좀 잘하자', '부상자 관리 좀 잘해줬으면 좋겠어요. 자꾸 주전이 빠지면 답이 없어요.'),
       (1, 'gujauk', '경기력 좀 더 높이자', '경기력이 자꾸 떨어지는 것 같아요. 좀 더 집중합시다.'),
       (1, 'pubao', '올해 새로운 도전', '새로운 도전을 위해 모두가 힘내줬으면 좋겠어요.'),
       (1, 'gujauk', '선수들 화이팅!', '수들 모두 화이팅! 끝까지 포기하지 말자.'),
       (1, 'hyun', '수비가 문제네요', '수비가 너무 불안합니다. 이대로 괜찮을까요?'),
       (1, 'hyun', '타격 부진 해결책은?', '타격 부진이 계속되는데, 해결책이 뭔가요?'),
       (1, 'hyun', '지금이라도 전략 바꿔야', '지금이라도 전략을 바꿔야 할 것 같아요. 너무 답답합니다.'),
       (1, 'non', '올 시즌 우승 가자!', '올해는 꼭 우승 가봅시다! 할 수 있어요!'),
       (1, 'pubao', '타격감 살아나자', '타격감 좀 더 살아났으면 좋겠어요.'),
       (1, 'pubao', '주전 선수들 믿어요', '주전 선수들을 믿고 응원합니다. 힘내주세요!'),
       (1, 'hyun', '이번 시즌 화이팅!', '이번 시즌 끝까지 화이팅합시다! 모두 힘내요!'),
       (2, 'pubao', '이번 시즌은 다를까?', '올해는 롯데가 좀 다르게 보이네요. 과연 잘 할 수 있을까요?'),
       (2, 'prao', '또 실망시키지 말아줘', '올해는 제발 실망 좀 안 시켰으면 좋겠어요.'),
       (2, 'non', '새로운 스타 탄생?', '이번 시즌에 롯데에서 새로운 스타가 나올까요?'),
       (2, 'pubao', '불펜 강화가 필요해', '불펜이 너무 불안합니다. 강화가 시급해요.'),
       (2, 'prao', '타격감 너무 좋네요', '이번 시즌 타격감이 정말 좋습니다. 기대돼요!'),
       (2, 'non', '수비 실책 줄이자', '수비 실책이 너무 많습니다. 기본에 충실해야 해요.'),
       (2, 'pubao', '이번엔 우승할 수 있을까?', '올해는 정말 우승할 수 있을까요?'),
       (2, 'prao', '팬 서비스 좀 신경 써주세요', '팬 서비스가 너무 부족해요. 신경 좀 써주세요.'),
       (2, 'non', '감독의 전략은?', '감독님, 이번 시즌 전략이 뭐죠? 궁금하네요.'),
       (2, 'pubao', '젊은 선수들의 활약', '젊은 선수들이 정말 잘해주고 있습니다. 기대됩니다.'),
       (2, 'prao', '베테랑들의 힘', '베테랑 선수들의 활약이 정말 대단합니다.'),
       (2, 'non', '중위권 안착 가능할까?', '이번 시즌 중위권 안착이라도 가능할까요?'),
       (2, 'pubao', '올 시즌 목표는?', '올 시즌 롯데의 목표가 뭔가요? 궁금하네요.'),
       (2, 'prao', '주전 선수들 부상 문제', '주전 선수들이 자꾸 부상당해서 걱정입니다.'),
       (2, 'non', '팬으로서 힘듭니다', '매 시즌 실망만 안겨줘서 정말 힘듭니다.'),
       (2, 'pubao', '수비 실책 좀 줄이자', '수비 실책을 좀 줄여야 할 것 같아요.'),
       (2, 'prao', '이번 시즌 화이팅!', '이번 시즌 끝까지 화이팅합시다! 힘내자'),
       (2, 'non', '타선의 힘', '타선이 정말 강력해졌습니다. 이번 시즌 기대돼요.'),
       (2, 'pubao', '경기력 좀 더 높이자', '경기력이 자꾸 떨어지는 것 같아요. 좀 더 집중합시다.'),
       (2, 'prao', '체력 관리의 중요성', '체력 관리를 잘해야 시즌 내내 좋은 성적을 유지할 수 있어요.'),
       (2, 'non', '새로운 도전', '새로운 도전을 위해 모두가 힘내줬으면 좋겠어요.'),
       (2, 'pubao', '끝까지 포기하지 말자', '어려워도 끝까지 포기하지 말고 힘내줬으면 좋겠어요.'),
       (2, 'prao', '감독님의 리더십', '감독님의 리더십 아래에서 좋은 성과를 내고 있습니다.'),
       (2, 'non', '선수 교체가 필요해', '몇몇 선수는 교체가 필요해 보입니다.'),
       (2, 'pubao', '전력 보강이 시급합니다', '전력 보강이 시급합니다. 이대로는 어렵겠어요.'),
       (2, 'prao', '응원합니다!', '그래도 끝까지 포기하지 않고 응원합니다. 이팅!'),
       (2, 'non', '타격 부진 해결책은?', '타격 부진이 계속되는데, 해결책이 뭔가요?'),
       (2, 'pubao', '수비가 문제네요', '수비가 너무 불안합니다. 이대로 괜찮을까요?'),
       (2, 'prao', '주전 선수들 믿어요', '주전 선수들을 믿고 응원합니다. 힘내주세요!'),
       (2, 'non', '타격감 살아나자', '타격감 좀 더 살아났으면 좋겠어요.'),
       (2, 'pubao', '부상자 관리 좀 잘하자', '부상자 관리 좀 잘해줬으면 좋겠어요. 주전이 자꾸 빠지면 답이 없어요.'),
       (2, 'prao', '경기력 좀 더 높이자', '경기력이 자꾸 떨어지는 것 같아요. 좀 더 집중합시다.'),
       (2, 'non', '이번 시즌 목표는?', '이번 시즌 롯데의 목표가 뭔가요? 현실적인 목표 설정이 필요할 듯.'),
       (2, 'pubao', '새로운 도전 시작!', '새로운 도전을 위해 모두가 힘내줬으면 좋겠어요.'),
       (2, 'prao', '올해 우승 가능할까요?', '솔직히 올해 우승 가능할까요? 다른 팀들 너무 강해요.'),
       (2, 'non', '수비 실책 줄이자', '수비 실책이 너무 많습니다. 기본에 충실해야 해요.'),
       (2, 'pubao', '팬으로서 힘듭니다', '매 시즌 실망만 안겨줘서 정말 힘듭니다.'),
       (2, 'prao', '타선의 힘', '타선이 정말 강력해졌습니다. 이번 시즌 기대돼요.'),
       (2, 'non', '감독님의 전략은?', '감독님, 이번 시즌 전략이 뭐죠? 궁금하네요.'),
       (2, 'pubao', '체력 관리의 중요성', '체력 관리를 잘해야 시즌 내내 좋은 성적을 유지할 수 있어요.'),
       (2, 'prao', '젊은 선수들의 활약', '젊은 선수들이 정말 잘해주고 있습니다. 기대됩니다.'),
       (2, 'non', '경기력 좀 더 높이자', '경기력이 자꾸 떨어지는 것 같아요. 좀 더 집중합시다.'),
       (2, 'pubao', '전력 보강이 시급합니다', '전력 보강이 시급합니다. 이대로는 어렵겠어요.'),
       (2, 'prao', '이번 시즌 화이팅!', '이번 시즌 끝까지 화이팅합시다! 힘내자'),
       (2, 'non', '응원합니다!', '그래도 끝까지 포기하지 않고 응원합니다. 이팅!'),
       (2, 'pubao', '팬 서비스 좀 신경 써주세요', '팬 서비스가 너무 부족해요. 신경 좀 써주세요.'),
       (2, 'prao', '이번엔 우승할 수 있을까?', '올해는 정말 우승할 수 있을까요?'),
       (2, 'non', '불펜 강화가 필요해', '불펜이 너무 불안합니다. 강화가 시급해요.'),
       (2, 'pubao', '새로운 스타 탄생?', '이번 시즌에 롯데에서 새로운 스타가 나올까요?'),
       (2, 'prao', '또 실망시키지 말아줘', '올해는 제발 실망 좀 안 시켰으면 좋겠어요.'),
       (2, 'non', '이번 시즌은 다를까?', '올해는 롯데가 좀 다르게 보이네요. 과연 잘 할 수 있을까요?'),
       -- 기아 타이거즈 글
       (3, 'prao', '기아 타이거즈, 올해 우승 가능?', '올해 기아 타이거즈가 우승할 수 있을까요? 기대됩니다.'),
       (3, 'hyun', '기아의 타선이 좋네요', '기아 타이거즈의 타선이 정말 강력합니다.'),
       (3, 'ran', '기아 타이거즈 응원합니다!', '기아 타이거즈 선수들 모두 힘내세요!'),
       (3, 'gujauk', '기아의 투수진이 안정적입니다.', '기아 타이거즈의 투수진이 매우 안정적입니다.'),
       (3, 'byeba', '기아의 수비 전략', '기아 타이거즈의 수비 전략이 궁금합니다.'),
       (3, 'non', '기아 타이거즈의 주전 선수들', '기아 타이거즈의 주전 선수들에 대해 어떻게 생각하시나요?'),
       (3, 'pubao', '기아 타이거즈의 연승 행진', '기아 타이거즈가 연승을 이어가고 있습니다. 정말 멋집니다.'),
       (3, 'prao', '기아 타이거즈의 신인 선수들', '기아 타이거즈의 신인 선수들이 기대됩니다.'),
       (3, 'hyun', '기아의 감독님 리더십', '기아 타이거즈 감독님의 리더십이 돋보입니다.'),
       (3, 'ran', '기아 타이거즈, 중위권 예상', '기아 타이거즈가 중위권에 안착할 수 있을까요?'),
       (3, 'gujauk', '기아의 공격력', '기아 타이거즈의 공격력이 정말 강력합니다.'),
       (3, 'byeba', '기아 타이거즈의 전략', '기아 타이거즈의 시즌 전략이 궁금합니다.'),
       (3, 'non', '기아 타이거즈, 이번 시즌 기대', '기아 타이거즈의 이번 시즌이 기대됩니다.'),
       (3, 'pubao', '기아 타이거즈의 팬 서비스', '기아 타이거즈의 팬 서비스가 정말 좋습니다.'),
       (3, 'prao', '기아 타이거즈, 체력 관리', '기아 타이거즈 선수들의 체력 관리가 중요합니다.'),
       (3, 'hyun', '기아 타이거즈의 홈런', '기아 타이거즈의 홈런이 많아졌습니다.'),
       (3, 'ran', '기아 타이거즈, 선수 교체', '기아 타이거즈의 선수 교체가 필요해 보입니다.'),
       (3, 'gujauk', '기아 타이거즈의 수비', '기아 타이거즈의 수비가 점점 좋아지고 있습니다.'),
       (3, 'byeba', '기아 타이거즈, 이번 시즌 목표', '기아 타이거즈의 이번 시즌 목표는 무엇인가요?'),
       (3, 'non', '기아 타이거즈의 새로운 도전', '기아 타이거즈가 새로운 도전을 시작합니다.'),
       -- 두산 베어스 글
       (4, 'prao', '두산 베어스, 이번 시즌 기대돼요', '두산 베어스가 이번 시즌 잘할 것 같아요.'),
       (4, 'hyun', '두산의 타선이 좋네요', '두산 베어스의 타선이 정말 강력합니다.'),
       (4, 'ran', '두산 베어스 응원합니다!', '두산 베어스 선수들 모두 힘내세요!'),
       (4, 'gujauk', '두산의 투수진이 안정적입니다.', '두산 베어스의 투수진이 매우 안정적입니다.'),
       (4, 'byeba', '두산의 수비 전략', '두산 베어스의 수비 전략이 궁금합니다.'),
       (4, 'non', '두산 베어스의 주전 선수들', '두산 베어스의 주전 선수들에 대해 어떻게 생각하시나요?'),
       (4, 'pubao', '두산 베어스의 연승 행진', '두산 베어스가 연승을 이어가고 있습니다. 정말 멋집니다.'),
       (4, 'prao', '두산 베어스의 신인 선수들', '두산 베어스의 신인 선수들이 기대됩니다.'),
       (4, 'hyun', '두산의 감독님 리더십', '두산 베어스 감독님의 리더십이 돋보입니다.'),
       (4, 'ran', '두산 베어스, 중위권 예상', '두산 베어스가 중위권에 안착할 수 있을까요?'),
       (4, 'gujauk', '두산의 공격력', '두산 베어스의 공격력이 정말 강력합니다.'),
       (4, 'byeba', '두산 베어스의 전략', '두산 베어스의 시즌 전략이 궁금합니다.'),
       (4, 'non', '두산 베어스, 이번 시즌 기대', '두산 베어스의 이번 시즌이 기대됩니다.'),
       (4, 'pubao', '두산 베어스의 팬 서비스', '두산 베어스의 팬 서비스가 정말 좋습니다.'),
       (4, 'prao', '두산 베어스, 체력 관리', '두산 베어스 선수들의 체력 관리가 중요합니다.'),
       (4, 'hyun', '두산 베어스의 홈런', '두산 베어스의 홈런이 많아졌습니다.'),
       (4, 'ran', '두산 베어스, 선수 교체', '두산 베어스의 선수 교체가 필요해 보입니다.'),
       (4, 'gujauk', '두산 베어스의 수비', '두산 베어스의 수비가 점점 좋아지고 있습니다.'),
       (4, 'byeba', '두산 베어스, 이번 시즌 목표', '두산 베어스의 이번 시즌 목표는 무엇인가요?'),
       (4, 'non', '두산 베어스의 새로운 도전', '두산 베어스가 새로운 도전을 시작합니다.'),

       -- 한화 이글스 글
       (5, 'prao', '한화 이글스 화이팅!', '한화 이글스가 이번 시즌 잘했으면 좋겠어요. 화이팅!'),
       (5, 'hyun', '한화의 타선이 좋네요', '한화 이글스의 타선이 정말 강력합니다.'),
       (5, 'ran', '한화 이글스 응원합니다!', '한화 이글스 선수들 모두 힘내세요!'),
       (5, 'gujauk', '한화의 투수진이 안정적입니다.', '한화 이글스의 투수진이 매우 안정적입니다.'),
       (5, 'byeba', '한화의 수비 전략', '한화 이글스의 수비 전략이 궁금합니다.'),
       (5, 'non', '한화 이글스의 주전 선수들', '한화 이글스의 주전 선수들에 대해 어떻게 생각하시나요?'),
       (5, 'pubao', '한화 이글스의 연승 행진', '한화 이글스가 연승을 이어가고 있습니다. 정말 멋집니다.'),
       (5, 'prao', '한화 이글스의 신인 선수들', '한화 이글스의 신인 선수들이 기대됩니다.'),
       (5, 'hyun', '한화의 감독님 리더십', '한화 이글스 감독님의 리더십이 돋보입니다.'),
       (5, 'ran', '한화 이글스, 중위권 예상', '한화 이글스가 중위권에 안착할 수 있을까요?'),
       (5, 'gujauk', '한화의 공격력', '한화 이글스의 공격력이 정말 강력합니다.'),
       (5, 'byeba', '한화 이글스의 전략', '한화 이글스의 시즌 전략이 궁금합니다.'),
       (5, 'non', '한화 이글스, 이번 시즌 기대', '한화 이글스의 이번 시즌이 기대됩니다.'),
       (5, 'pubao', '한화 이글스의 팬 서비스', '한화 이글스의 팬 서비스가 정말 좋습니다.'),
       (5, 'prao', '한화 이글스, 체력 관리', '한화 이글스 선수들의 체력 관리가 중요합니다.'),
       (5, 'hyun', '한화 이글스의 홈런', '한화 이글스의 홈런이 많아졌습니다.'),
       (5, 'ran', '한화 이글스, 선수 교체', '한화 이글스의 선수 교체가 필요해 보입니다.'),
       (5, 'gujauk', '한화 이글스의 수비', '한화 이글스의 수비가 점점 좋아지고 있습니다.'),
       (5, 'byeba', '한화 이글스, 이번 시즌 목표', '한화 이글스의 이번 시즌 목표는 무엇인가요?'),
       (5, 'non', '한화 이글스의 새로운 도전', '한화 이글스가 새로운 도전을 시작합니다.');


-- COMMUNITY_BOARD_COMMENT 테이블 더미 데이터 생성
INSERT INTO `COMMUNITY_BOARD_COMMENT` (`community_board_id`, `user_id`, `content`)
VALUES (1, 'admin', '마 ! 붓 싼 아니가 ~'),
       (2, 'admin', '샘송은 뭐;;'),
       (99, 'hyun', '정말 이해가 안 되는 경기였어요.'),
       (99, 'prao', '그러니까요, 답답하네요.'),
       (99, 'non', '그래도 끝까지 응원해야죠.'),
       (99, 'pubao', '감독의 전략이 아쉽네요.'),
       (99, 'ran', '선수들 좀 더 힘내줬으면 좋겠어요.'),
       (99, 'hyun', '올해는 좀 달랐으면...'),
       (99, 'prao', '내년에는 좀 더 잘할 수 있겠죠.'),
       (99, 'non', '이번 시즌은 진짜 다르네요.'),
       (99, 'pubao', '선수들 너무 잘하고 있어요!'),
       (99, 'ran', '감독님 최고!'),
       (99, 'hyun', '우승 가자!'),
       (99, 'prao', '응원합니다!'),
       (45, 'non', '오늘 경기 정말 멋졌어요.'),
       (45, 'pubao', '다음 경기도 기대됩니다.'),
       (45, 'ran', '수비 좀 더 잘했으면 좋겠어요.'),
       (45, 'hyun', '타선도 힘내길.'),
       (45, 'prao', '모두 응원합시다.'),
       (45, 'non', '감독님 믿고 갑시다'),
       (45, 'ran', '수비 좀 더 잘했으면 좋겠어요.'),
       (45, 'hyun', '타선도 힘내길.'),
       (45, 'prao', '모두 응원합시다.'),
       (45, 'non', '감독님 믿고 갑시다.'),
       (48, 'pubao', '이번 시즌 진짜 기대돼요.'),
       (48, 'ran', '롯데 화이팅!'),
       (48, 'hyun', '우승 가자!'),
       (48, 'prao', '경기력이 점점 좋아지고 있어요.'),
       (48, 'non', '오늘 경기 멋졌습니다.'),
       (48, 'pubao', '다음 경기도 이길 수 있길.'),
       (48, 'ran', '선수들 모두 화이팅!'),
       (48, 'hyun', '감독님 리더십이 빛납니다.'),
       (48, 'prao', '수비도 점점 나아지고 있네요.'),
       (48, 'non', '팬 서비스도 좋았어요.'),
       (98, 'pubao', '이번 시즌 기대 많이 했는데요.'),
       (98, 'ran', '선수들 정말 잘해주고 있어요.'),
       (98, 'hyun', '타격감이 살아나고 있네요.'),
       (98, 'prao', '마무리도 잘했으면 좋겠어요.'),
       (98, 'non', '감독님, 화이팅입니다.'),
       (98, 'pubao', '모두 응원해요!'),
       (98, 'ran', '수비 실책만 줄이면 완벽합니다.'),
       (97, 'hyun', '롯데 팬으로서 정말 기쁩니다.'),
       (97, 'prao', '오늘 경기 정말 멋졌어요.'),
       (97, 'non', '다음 경기에도 이기길!'),
       (97, 'pubao', '선수들 체력 관리도 중요해요.'),
       (97, 'ran', '응원하러 경기장 가야겠어요.'),
       (97, 'hyun', '타선이 정말 대단해요.'),
       (97, 'prao', '수비도 좋아지고 있네요.'),
       (97, 'non', '우승까지 가보자!'),
       (50, 'pubao', '감독님 믿습니다.'),
       (50, 'ran', '선수들 모두 힘내주세요.'),
       (50, 'hyun', '이번 시즌 진짜 기대돼요.'),
       (50, 'prao', '모두 응원합시다!'),
       (50, 'non', '오늘도 이겼으면 좋겠어요.'),
       (50, 'pubao', '수비 실수만 없었으면...'),
       (50, 'ran', '올해는 우승 가자!'),
       (50, 'hyun', '타격감이 좋아서 다행입니다.'),
       (50, 'prao', '선수들 모두 잘하고 있어요.'),
       (46, 'non', '팬 서비스도 좋네요.'),
       (46, 'pubao', '응원합니다!'),
       (46, 'ran', '오늘 경기 정말 기대돼요.'),
       (46, 'hyun', '감독님 화이팅!'),
       (46, 'prao', '롯데의 힘을 보여줍시다.'),
       (46, 'non', '모두 화이팅!'),
       (46, 'pubao', '이번 시즌은 다릅니다.'),
       (46, 'ran', '경기력 점점 좋아지고 있네요.'),
       (46, 'hyun', '타선이 잘 터져서 기쁩니다.'),
       (46, 'prao', '수비도 잘했으면 좋겠어요.'),
       (46, 'non', '다음 경기 기대돼요.'),
       (94, 'pubao', '롯데 정말 대단합니다.'),
       (94, 'ran', '오늘 경기 멋졌어요.'),
       (94, 'hyun', '선수들 모두 힘내세요.'),
       (94, 'prao', '우승까지 갑시다!'),
       (94, 'non', '응원합니다!'),
       (94, 'pubao', '감독님 믿고 갑시다.'),
       (94, 'ran', '팬 서비스도 좋았습니다.'),
       (94, 'hyun', '타격감 살아나고 있네요.'),
       (5, 'prao', '수비도 좋아졌으면 좋겠어요.'),
       (5, 'non', '선수들 체력 관리도 중요해요.'),
       (5, 'pubao', '모두 응원합시다!'),
       (5, 'ran', '경기력 점점 좋아지고 있습니다.'),
       (5, 'hyun', '오늘 경기 기대돼요.'),
       (5, 'prao', '롯데 화이팅!'),
       (5, 'non', '감독님 전략 좋았습니다.'),
       (5, 'pubao', '선수들 모두 잘했어요.'),
       (5, 'ran', '이번 시즌 우승 가자!'),
       (90, 'hyun', '모두 응원합시다.'),
       (90, 'prao', '다음 경기 기대됩니다.'),
       (90, 'non', '경기력 좋았습니다.'),
       (90, 'pubao', '응원합니다!'),
       (90, 'ran', '오늘 경기 멋졌어요.'),
       (90, 'hyun', '선수들 모두 힘내세요.'),
       (90, 'prao', '우승까지 갑시다!'),
       (90, 'non', '응원합니다!'),
       (90, 'pubao', '감독님 믿고 갑시다.'),
       (90, 'ran', '팬 서비스도 좋았습니다.'),
       (51, 'hyun', '타격감 살아나고 있네요.'),
       (51, 'prao', '수비도 좋아졌으면 좋겠어요.'),
       (51, 'non', '선수들 체력 관리도 중요해요.'),
       (51, 'pubao', '모두 응원합시다!'),
       (51, 'ran', '경기력 점점 좋아지고 있습니다.'),
       (51, 'hyun', '오늘 경기 기대돼요.'),
       (51, 'prao', '롯데 화이팅!'),
       (51, 'non', '감독님 전략 좋았습니다.'),
       (18, 'pubao', '선수들 모두 잘했어요.'),
       (18, 'ran', '이번 시즌 우승 가자!'),
       (18, 'hyun', '모두 응원합시다.'),
       (18, 'prao', '다음 경기 기대됩니다.'),
       (18, 'non', '경기력 좋았습니다.'),
       (18, 'pubao', '응원합니다!'),
       (18, 'ran', '오늘 경기 멋졌어요.'),
       (18, 'hyun', '선수들 모두 힘내세요.'),
       (18, 'prao', '우승까지 갑시다!'),
       (18, 'non', '응원합니다!'),
       (18, 'pubao', '감독님 믿고 갑시다.'),
       (100, 'ran', '팬 서비스도 좋았습니다.'),
       (100, 'hyun', '타격감 살아나고 있네요.'),
       (100, 'prao', '수비도 좋아졌으면 좋겠어요.'),
       (100, 'non', '선수들 체력 관리도 중요해요.'),
       (100, 'pubao', '모두 응원합시다!'),
       (100, 'ran', '경기력 점점 좋아지고 있습니다.'),
       (100, 'hyun', '오늘 경기 기대돼요.'),
       (100, 'prao', '롯데 화이팅!'),
       (100, 'non', '감독님 전략 좋았습니다.'),
       (100, 'pubao', '선수들 모두 잘했어요.'),
       (101, 'ran', '이번 시즌 우승 가자!'),
       (101, 'hyun', '모두 응원합시다.'),
       (101, 'prao', '다음 경기 기대됩니다.'),
       (101, 'non', '경기력 좋았습니다.'),
       (101, 'pubao', '응원합니다!'),
       (101, 'ran', '오늘 경기 멋졌어요.'),
       (101, 'hyun', '선수들 모두 힘내세요.'),
       (101, 'prao', '우승까지 갑시다!'),
       (102, 'non', '응원합니다!'),
       (102, 'pubao', '감독님 믿고 갑시다.'),
       (102, 'ran', '팬 서비스도 좋았습니다.'),
       (102, 'hyun', '타격감 살아나고 있네요.'),
       (102, 'prao', '수비도 좋아졌으면 좋겠어요.'),
       (102, 'non', '선수들 체력 관리도 중요해요.'),
       (102, 'pubao', '모두 응원합시다!'),
       (102, 'ran', '경기력 점점 좋아지고 있습니다.'),
       -- 기아 타이거즈 댓글
       (103, 'admin', '기아 타이거즈 우승 가능할 것 같아요!'),
       (103, 'hyun', '기아 타이거즈 화이팅!'),
       (103, 'ran', '기아 타이거즈 응원합니다!'),
       (104, 'gujauk', '기아의 타선이 정말 강력해요.'),
       (104, 'byeba', '기아 타이거즈의 타선이 정말 기대됩니다.'),
       (104, 'non', '기아 타이거즈 잘할 것 같아요.'),
       (105, 'pubao', '기아 선수들 모두 힘내세요!'),
       (105, 'prao', '기아 타이거즈 응원합니다!'),
       (105, 'non', '기아 타이거즈 화이팅!'),
       (106, 'admin', '기아의 투수진도 좋아요.'),
       (106, 'hyun', '기아 타이거즈, 이번 시즌 잘할 것 같습니다.'),
       (106, 'ran', '기아 타이거즈 우승을 기대해요.'),
       (107, 'gujauk', '기아 타이거즈의 수비가 좋네요.'),
       (107, 'byeba', '기아 타이거즈 수비도 잘하고 있습니다.'),
       (107, 'non', '기아 타이거즈 응원합니다!'),
       (108, 'pubao', '기아 타이거즈 연승 축하해요.'),
       (108, 'prao', '기아 타이거즈 계속 승리하길.'),
       (108, 'non', '기아 타이거즈, 이번 시즌 화이팅!'),
       (109, 'admin', '기아 신인 선수들 잘하고 있어요.'),
       (109, 'hyun', '기아 타이거즈 신인 선수들 기대됩니다.'),
       (109, 'ran', '기아 타이거즈 신인 선수들 응원합니다.'),
       (110, 'gujauk', '기아 감독님 리더십 최고!'),
       (110, 'byeba', '기아 타이거즈 감독님 응원합니다.'),
       (110, 'non', '기아 감독님, 화이팅!'),
       (111, 'pubao', '기아 타이거즈 중위권 가능해요.'),
       (111, 'prao', '기아 타이거즈 이번 시즌 기대돼요.'),
       (111, 'non', '기아 타이거즈, 중위권 기대합니다.'),
       (112, 'admin', '기아 타이거즈 공격력 좋아요.'),
       (112, 'hyun', '기아 타이거즈 공격력이 기대됩니다.'),
       (112, 'ran', '기아 타이거즈 공격력 응원합니다.'),
       (113, 'gujauk', '기아 타이거즈 전략 좋네요.'),
       (113, 'byeba', '기아 타이거즈 이번 시즌 잘할 것 같아요.'),
       (113, 'non', '기아 타이거즈 전략 응원합니다.'),
       (114, 'pubao', '기아 타이거즈 팬 서비스 좋아요.'),
       (114, 'prao', '기아 타이거즈 팬 서비스 기대돼요.'),
       (114, 'non', '기아 타이거즈 팬 서비스 응원합니다.'),
       (115, 'admin', '기아 선수들 체력 관리 중요해요.'),
       (115, 'hyun', '기아 타이거즈 체력 관리 응원합니다.'),
       (115, 'ran', '기아 타이거즈 체력 관리 잘하고 있어요.'),
       (116, 'gujauk', '기아 타이거즈 홈런 많이 나오길.'),
       (116, 'byeba', '기아 타이거즈 홈런 기대돼요.'),
       (116, 'non', '기아 타이거즈 홈런 응원합니다.'),
       (117, 'pubao', '기아 선수들 교체 필요해요.'),
       (117, 'prao', '기아 타이거즈 선수 교체 응원합니다.'),
       (117, 'non', '기아 타이거즈 교체 전략 기대돼요.'),
       (118, 'admin', '기아 타이거즈 수비 좋습니다.'),
       (118, 'hyun', '기아 타이거즈 수비 응원합니다.'),
       (118, 'ran', '기아 타이거즈 수비 기대돼요.'),
       (119, 'gujauk', '기아 타이거즈 목표 응원합니다.'),
       (119, 'byeba', '기아 타이거즈 목표 달성하길.'),
       (119, 'non', '기아 타이거즈 목표 기대돼요.'),
       (120, 'pubao', '기아 타이거즈 새로운 도전 응원합니다.'),
       (120, 'prao', '기아 타이거즈 새로운 도전 기대돼요.'),
       (120, 'non', '기아 타이거즈 새로운 도전 잘하길.'),

-- 두산 베어스 댓글
       (121, 'admin', '두산 베어스 우승 가능할 것 같아요!'),
       (121, 'hyun', '두산 베어스 화이팅!'),
       (121, 'ran', '두산 베어스 응원합니다!'),
       (122, 'gujauk', '두산의 타선이 정말 강력해요.'),
       (122, 'byeba', '두산 베어스의 타선이 정말 기대됩니다.'),
       (122, 'non', '두산 베어스 잘할 것 같아요.'),
       (123, 'pubao', '두산 선수들 모두 힘내세요!'),
       (123, 'prao', '두산 베어스 응원합니다!'),
       (123, 'non', '두산 베어스 화이팅!'),
       (124, 'admin', '두산의 투수진도 좋아요.'),
       (124, 'hyun', '두산 베어스, 이번 시즌 잘할 것 같습니다.'),
       (124, 'ran', '두산 베어스 우승을 기대해요.'),
       (125, 'gujauk', '두산 베어스의 수비가 좋네요.'),
       (125, 'byeba', '두산 베어스 수비도 잘하고 있습니다.'),
       (125, 'non', '두산 베어스 응원합니다!'),
       (126, 'pubao', '두산 베어스 연승 축하해요.'),
       (126, 'prao', '두산 베어스 계속 승리하길.'),
       (126, 'non', '두산 베어스, 이번 시즌 화이팅!'),
       (127, 'admin', '두산 신인 선수들 잘하고 있어요.'),
       (127, 'hyun', '두산 베어스 신인 선수들 기대됩니다.'),
       (127, 'ran', '두산 베어스 신인 선수들 응원합니다.'),
       (128, 'gujauk', '두산 감독님 리더십 최고!'),
       (128, 'byeba', '두산 베어스 감독님 응원합니다.'),
       (128, 'non', '두산 감독님, 화이팅!'),
       (129, 'pubao', '두산 베어스 중위권 가능해요.'),
       (129, 'prao', '두산 베어스 이번 시즌 기대돼요.'),
       (129, 'non', '두산 베어스, 중위권 기대합니다.'),
       (130, 'admin', '두산 베어스 공격력 좋아요.'),
       (130, 'hyun', '두산 베어스 공격력이 기대됩니다.'),
       (130, 'ran', '두산 베어스 공격력 응원합니다.'),
       (131, 'gujauk', '두산 베어스 전략 좋네요.'),
       (131, 'byeba', '두산 베어스 이번 시즌 잘할 것 같아요.'),
       (131, 'non', '두산 베어스 전략 응원합니다.'),
       (132, 'pubao', '두산 베어스 팬 서비스 좋아요.'),
       (132, 'prao', '두산 베어스 팬 서비스 기대돼요.'),
       (132, 'non', '두산 베어스 팬 서비스 응원합니다.'),
       (133, 'admin', '두산 선수들 체력 관리 중요해요.'),
       (133, 'hyun', '두산 베어스 체력 관리 응원합니다.'),
       (133, 'ran', '두산 베어스 체력 관리 잘하고 있어요.'),
       (134, 'gujauk', '두산 베어스 홈런 많이 나오길.'),
       (134, 'byeba', '두산 베어스 홈런 기대돼요.'),
       (134, 'non', '두산 베어스 홈런 응원합니다.'),
       (135, 'pubao', '두산 선수들 교체 필요해요.'),
       (135, 'prao', '두산 베어스 선수 교체 응원합니다.'),
       (135, 'non', '두산 베어스 교체 전략 기대돼요.'),
       (136, 'admin', '두산 베어스 수비 좋습니다.'),
       (136, 'hyun', '두산 베어스 수비 응원합니다.'),
       (136, 'ran', '두산 베어스 수비 기대돼요.'),
       (137, 'gujauk', '두산 베어스 목표 응원합니다.'),
       (137, 'byeba', '두산 베어스 목표 달성하길.'),
       (137, 'non', '두산 베어스 목표 기대돼요.'),
       (138, 'pubao', '두산 베어스 새로운 도전 응원합니다.'),
       (138, 'prao', '두산 베어스 새로운 도전 기대돼요.'),
       (138, 'non', '두산 베어스 새로운 도전 잘하길.'),

-- 한화 이글스 댓글
       (139, 'admin', '한화 이글스 우승 가능할 것 같아요!'),
       (139, 'hyun', '한화 이글스 화이팅!'),
       (139, 'ran', '한화 이글스 응원합니다!'),
       (140, 'gujauk', '한화의 타선이 정말 강력해요.'),
       (140, 'byeba', '한화 이글스의 타선이 정말 기대됩니다.'),
       (140, 'non', '한화 이글스 잘할 것 같아요.'),
       (141, 'pubao', '한화 선수들 모두 힘내세요!'),
       (141, 'prao', '한화 이글스 응원합니다!'),
       (141, 'non', '한화 이글스 화이팅!'),
       (142, 'admin', '한화의 투수진도 좋아요.'),
       (142, 'hyun', '한화 이글스, 이번 시즌 잘할 것 같습니다.'),
       (142, 'ran', '한화 이글스 우승을 기대해요.'),
       (143, 'gujauk', '한화 이글스의 수비가 좋네요.'),
       (143, 'byeba', '한화 이글스 수비도 잘하고 있습니다.'),
       (143, 'non', '한화 이글스 응원합니다!'),
       (144, 'pubao', '한화 이글스 연승 축하해요.'),
       (144, 'prao', '한화 이글스 계속 승리하길.'),
       (144, 'non', '한화 이글스, 이번 시즌 화이팅!'),
       (145, 'admin', '한화 신인 선수들 잘하고 있어요.'),
       (145, 'hyun', '한화 이글스 신인 선수들 기대됩니다.'),
       (145, 'ran', '한화 이글스 신인 선수들 응원합니다.'),
       (146, 'gujauk', '한화 감독님 리더십 최고!'),
       (146, 'byeba', '한화 이글스 감독님 응원합니다.'),
       (146, 'non', '한화 감독님, 화이팅!'),
       (147, 'pubao', '한화 이글스 중위권 가능해요.'),
       (147, 'prao', '한화 이글스 이번 시즌 기대돼요.'),
       (147, 'non', '한화 이글스, 중위권 기대합니다.'),
       (148, 'admin', '한화 이글스 공격력 좋아요.'),
       (148, 'hyun', '한화 이글스 공격력이 기대됩니다.'),
       (148, 'ran', '한화 이글스 공격력 응원합니다.'),
       (149, 'gujauk', '한화 이글스 전략 좋네요.'),
       (149, 'byeba', '한화 이글스 이번 시즌 잘할 것 같아요.'),
       (149, 'non', '한화 이글스 전략 응원합니다.'),
       (150, 'pubao', '한화 이글스 팬 서비스 좋아요.'),
       (150, 'prao', '한화 이글스 팬 서비스 기대돼요.'),
       (150, 'non', '한화 이글스 팬 서비스 응원합니다.'),
       (151, 'admin', '한화 선수들 체력 관리 중요해요.'),
       (151, 'hyun', '한화 이글스 체력 관리 응원합니다.'),
       (151, 'ran', '한화 이글스 체력 관리 잘하고 있어요.'),
       (152, 'gujauk', '한화 이글스 홈런 많이 나오길.'),
       (152, 'byeba', '한화 이글스 홈런 기대돼요.'),
       (152, 'non', '한화 이글스 홈런 응원합니다.'),
       (153, 'pubao', '한화 선수들 교체 필요해요.'),
       (153, 'prao', '한화 이글스 선수 교체 응원합니다.'),
       (153, 'non', '한화 이글스 교체 전략 기대돼요.'),
       (154, 'admin', '한화 이글스 수비 좋습니다.'),
       (154, 'hyun', '한화 이글스 수비 응원합니다.'),
       (154, 'ran', '한화 이글스 수비 기대돼요.'),
       (155, 'gujauk', '한화 이글스 목표 응원합니다.'),
       (155, 'byeba', '한화 이글스 목표 달성하길.'),
       (155, 'non', '한화 이글스 목표 기대돼요.'),
       (156, 'pubao', '한화 이글스 새로운 도전 응원합니다.'),
       (156, 'prao', '한화 이글스 새로운 도전 기대돼요.'),
       (156, 'non', '한화 이글스 새로운 도전 잘하길.');
